{"before 1948":{"A":0.0031272233,"B":0.0562900187,"C":3.0576425427,"D":18.0761322503,"E":31.4887928136,"F":22.3103925447,"G":25.0076226067},"1948-1974":{"A":0.024143509,"B":0.1641758613,"C":11.895506893,"D":32.9993481253,"E":29.3536782636,"F":15.4663318767,"G":10.0968154712},"1975-1977":{"A":0.0,"B":0.0736919676,"C":14.6647015475,"D":39.5234586097,"E":31.8594939818,"F":9.4571358389,"G":4.4215180545},"1978-1982":{"A":0.0,"B":1.8714602315,"C":20.5860625462,"D":46.0477714849,"E":22.8022654519,"F":6.3038660428,"G":2.3885742428},"1983-1988":{"A":0.0,"B":0.4734848485,"C":31.8813131313,"D":44.2866161616,"E":17.803030303,"F":3.9141414141,"G":1.6414141414},"1989-2000":{"A":0.0110680686,"B":1.0071942446,"C":31.1898173769,"D":48.9540675152,"E":15.2296624239,"F":2.7338129496,"G":0.8743774211},"2001-2005":{"A":0.0,"B":0.3276539974,"C":50.3931847969,"D":36.5661861075,"E":10.878112713,"F":1.5072083879,"G":0.3276539974},"2006-2012":{"A":0.0,"B":0.880195599,"C":42.4938875306,"D":39.804400978,"E":16.0391198044,"F":0.586797066,"G":0.195599022},"2013-2021":{"A":0.3269500234,"B":3.7365716955,"C":64.502568893,"D":28.9117234937,"E":1.8682858477,"F":0.4203643157,"G":0.233535731},"after 2021":{"A":0.7082152975,"B":31.0198300283,"C":53.1161473088,"D":11.8980169972,"E":2.2662889518,"F":0.8498583569,"G":0.1416430595}}